<code_scheme name="Default" version="173">
  <JavaCodeStyleSettings>
    <option name="CLASS_COUNT_TO_USE_IMPORT_ON_DEMAND" value="99" />
    <option name="NAMES_COUNT_TO_USE_IMPORT_ON_DEMAND" value="10" />
    <option name="ALIGN_MULTILINE_RECORDS" value="false" />
    <option name="ALIGN_MULTILINE_DECONSTRUCTION_LIST_COMPONENTS" value="false" />
    <option name="NEW_LINE_AFTER_LPAREN_IN_DECONSTRUCTION_PATTERN" value="false" />
    <option name="RPAREN_ON_NEW_LINE_IN_DECONSTRUCTION_PATTERN" value="false" />
  </JavaCodeStyleSettings>
  <codeStyleSettings language="JAVA">
    <option name="RIGHT_MARGIN" value="300" />
    <option name="KEEP_BLANK_LINES_IN_DECLARATIONS" value="1" />
    <option name="KEEP_BLANK_LINES_IN_CODE" value="1" />
    <option name="KEEP_BLANK_LINES_BETWEEN_PACKAGE_DECLARATION_AND_HEADER" value="1" />
    <option name="KEEP_BLANK_LINES_BEFORE_RBRACE" value="1" />
  </codeStyleSettings>
  <codeStyleSettings language="JSP">
    <option name="RIGHT_MARGIN" value="300" />
  </codeStyleSettings>
</code_scheme>