<application>
  <component name="FileTypeManager" version="17">
    <extensionMap>
      <mapping pattern=".ideavimrc" type="Native" />
      <mapping pattern="fss-2159_1g-full-penalties-rule.sql" type="PLAIN_TEXT" />
      <mapping pattern="fss-1558_hold-limit-for-user.sql" type="PLAIN_TEXT" />
      <mapping ext="code" type="PLAIN_TEXT" />
      <mapping ext="xsb" type="PLAIN_TEXT" />
      <mapping ext="p12" type="PLAIN_TEXT" />
      <mapping pattern="fss-2084_policy-1g-parse-rule-info.sql" type="yarn.lock" />
      <mapping ext="fnc" type="DBN-PSQL" />
      <mapping ext="pkb" type="DBN-PSQL" />
      <mapping ext="pkg" type="DBN-PSQL" />
      <mapping ext="pks" type="DBN-PSQL" />
      <mapping ext="prc" type="DBN-PSQL" />
      <mapping ext="tpb" type="DBN-PSQL" />
      <mapping ext="tpe" type="DBN-PSQL" />
      <mapping ext="tps" type="DBN-PSQL" />
      <mapping ext="trg" type="DBN-PSQL" />
      <mapping ext="vw" type="DBN-SQL" />
    </extensionMap>
  </component>
</application>