<application>
  <component name="MaterialThemeConfig">
    <option name="isWizardShown" value="true" />
    <option name="pristineConfig" value="false" />
    <option name="highlightThickness" value="1" />
    <option name="settingsSelectedTab" value="2" />
    <option name="tabsHeight" value="20" />
    <option name="accentColor" value="84ffff" />
    <option name="selectedTheme" value="DEEPOCEAN" />
    <option name="userId" value="-48e0295:180b1e430ca:-8000" />
    <option name="version" value="4.11.5" />
  </component>
</application>