<application>
  <component name="dataSourceStorage" format="xml" multifile-model="true">
    <data-source source="LOCAL" name="GCP@Dev" uuid="8d17b0b8-f409-4370-bf7a-70b8ba6c2904">
      <driver-ref>mysql.8</driver-ref>
      <synchronize>true</synchronize>
      <jdbc-driver>com.mysql.cj.jdbc.Driver</jdbc-driver>
      <jdbc-url>jdbc:mysql://10.1.0.15:3306</jdbc-url>
      <jdbc-additional-properties>
        <property name="com.intellij.clouds.kubernetes.db.host.port" />
        <property name="com.intellij.clouds.kubernetes.db.enabled" value="false" />
        <property name="com.intellij.clouds.kubernetes.db.resource.type" value="Deployment" />
        <property name="com.intellij.clouds.kubernetes.db.container.port" />
      </jdbc-additional-properties>
      <working-dir>$ProjectFileDir$</working-dir>
    </data-source>
  </component>
</application>