<application>
  <component name="FileTypeManager" version="19">
    <extensionMap>
      <mapping pattern=".ideavimrc" type="Native" />
      <mapping pattern="fss-1558_hold-limit-for-user.sql" type="PLAIN_TEXT" />
      <mapping pattern="fss-2159_1g-full-penalties-rule.sql" type="PLAIN_TEXT" />
      <mapping ext="p12" type="PLAIN_TEXT" />
      <mapping ext="xsb" type="PLAIN_TEXT" />
      <mapping ext="code" type="PLAIN_TEXT" />
      <mapping pattern="fss-2084_policy-1g-parse-rule-info.sql" type="yarn.lock" />
      <removed_mapping ext="apk" approved="true" type="ARCHIVE" />
      <removed_mapping ext="fnc" approved="true" type="SQL" />
      <removed_mapping ext="pkb" approved="true" type="SQL" />
      <removed_mapping ext="pks" approved="true" type="SQL" />
      <removed_mapping ext="prc" approved="true" type="SQL" />
      <removed_mapping ext="psd" approved="true" type="Image" />
      <removed_mapping ext="tpb" approved="true" type="SQL" />
      <removed_mapping ext="tps" approved="true" type="SQL" />
      <removed_mapping ext="trg" approved="true" type="SQL" />
      <removed_mapping ext="vw" approved="true" type="SQL" />
      <mapping ext="pkg" type="DBN-PSQL" />
      <mapping ext="tpe" type="DBN-PSQL" />
    </extensionMap>
  </component>
</application>