<application>
  <component name="MaterialThemeConfig">
    <option name="isWizardShown" value="true" />
    <option name="pristineConfig" value="false" />
    <option name="treeFontSizeEnabled" value="true" />
    <option name="tabFontSizeEnabled" value="true" />
    <option name="customListItemsSize" value="18" />
    <option name="settingsSelectedTab" value="1" />
    <option name="tabsHeight" value="24" />
    <option name="accentColor" value="84ffff" />
    <option name="secondAccentColor" />
    <option name="highlightColor" />
    <option name="focusColor" />
    <option name="selectedTheme" value="DEEPOCEAN" />
    <option name="userId" value="-8982800:187455f240a:-8000" />
    <option name="version" value="8.13.2" />
  </component>
</application>