<application>
  <component name="CachedDictionaryState">
    <words>
      <w>approver</w>
      <w>bako</w>
      <w>baokim</w>
      <w>clms</w>
      <w>contentable</w>
      <w>contentables</w>
      <w>courseoffering</w>
      <w>dayofweek</w>
      <w>geomfromtext</w>
      <w>noti</w>
      <w>notif</w>
      <w>nullifier</w>
      <w>pricings</w>
      <w>srid</w>
      <w>uais</w>
      <w>unarchive</w>
      <w>vnpay</w>
      <w>zalo</w>
      <w>zobrist</w>
    </words>
  </component>
</application>