<application>
  <component name="IgnoredPluginSuggestions">
    <option name="pluginIds">
      <list>
        <option value="com.haulmont.jpab" />
        <option value="com.intellij.bigdatatools" />
        <option value="com.intellij.bigdatatools.rfs" />
        <option value="com.intellij.jsf" />
        <option value="com.intellij.javaee.ejb" />
        <option value="com.intellij.javaee.batch" />
        <option value="com.intellij.drools" />
        <option value="com.intellij.helidon" />
      </list>
    </option>
  </component>
</application>