<application>
  <component name="CachedDictionaryState">
    <words>
      <w>accountstatus</w>
      <w>activiti</w>
      <w>affin</w>
      <w>affinicms</w>
      <w>ahibb</w>
      <w>aibb</w>
      <w>approvalrouting</w>
      <w>approver</w>
      <w>approvers</w>
      <w>bako</w>
      <w>baokim</w>
      <w>bwcif</w>
      <w>chks</w>
      <w>clms</w>
      <w>codeset</w>
      <w>contentable</w>
      <w>contentables</w>
      <w>courseoffering</w>
      <w>creditapplication</w>
      <w>cust</w>
      <w>customertype</w>
      <w>dayofweek</w>
      <w>execsum</w>
      <w>fieldname</w>
      <w>filteredby</w>
      <w>financialpackage</w>
      <w>financialreport</w>
      <w>geomfromtext</w>
      <w>icms</w>
      <w>idxs</w>
      <w>iiac</w>
      <w>integro</w>
      <w>integrosys</w>
      <w>jeruk</w>
      <w>khanhbq</w>
      <w>letterofoffer</w>
      <w>mitigants</w>
      <w>noti</w>
      <w>notif</w>
      <w>nullifier</w>
      <w>ooeremarks</w>
      <w>popupwindow</w>
      <w>pricings</w>
      <w>showdiff</w>
      <w>sibs</w>
      <w>smlc</w>
      <w>srid</w>
      <w>uais</w>
      <w>unarchive</w>
      <w>uploadfile</w>
      <w>vnpay</w>
      <w>zalo</w>
      <w>zobrist</w>
    </words>
  </component>
</application>