<application>
  <component name="Trusted.Paths">
    <option name="TRUSTED_PROJECT_PATHS">
      <map>
        <entry key="C:\Users\admin\Documents\Integro\Affin\Training\Exercise Changes-KT" value="true" />
        <entry key="D:\dev\cp" value="true" />
        <entry key="D:\dev\integro\affin-smlc" value="true" />
        <entry key="D:\dev\koji\Activiti" value="true" />
        <entry key="D:\dev\koji\cimb_id\LOSPROD_N_B11_8" value="true" />
        <entry key="D:\dev\koji\mframework" value="true" />
        <entry key="D:\dev\koji\order-service" value="true" />
        <entry key="D:\dev\koji\redisson" value="true" />
        <entry key="D:\dev\koji\sabre-v2" value="true" />
        <entry key="D:\dev\koji\tutor-network-service" value="true" />
        <entry key="D:\dev\koji\vavr" value="true" />
        <entry key="D:\dev\koji\warehouse_management\Source_Code_ĐATN_Trần_Đình_Trường_20173429\backend\backend" value="true" />
      </map>
    </option>
  </component>
  <component name="Trusted.Paths.Settings">
    <option name="TRUSTED_PATHS">
      <list>
        <option value="D:\dev\integro" />
        <option value="C:\Users\admin\Documents\Integro\Affin\Training" />
        <option value="D:\dev\koji" />
      </list>
    </option>
  </component>
</application>