<application>
  <component name="DimensionService">
    <location key="find.popup.0.0.1920.1200@144dpi" x="225" y="42" />
    <location key="find.popup.0.0.1920.1080" x="216" y="73" />
    <location key="find.popup.-2880.0.1920.1200@144dpi" x="-2560" y="90" />
    <size key="find.popup.0.0.1920.1200@144dpi" width="1436" height="1029" />
    <size key="find.popup.0.0.1920.1080" width="1436" height="942" />
    <size key="GridCell.Tab.0.left.0.0.1920.1200@144dpi" width="545" height="1404" />
    <size key="GridCell.Tab.0.center.0.0.1920.1200@144dpi" width="545" height="1404" />
    <size key="GridCell.Tab.0.right.0.0.1920.1200@144dpi" width="545" height="1404" />
    <size key="GridCell.Tab.0.bottom.0.0.1920.1200@144dpi" width="545" height="1404" />
    <size key="GridCell.Tab.1.left.0.0.1920.1200@144dpi" width="1823" height="507" />
    <size key="GridCell.Tab.1.center.0.0.1920.1200@144dpi" width="1823" height="507" />
    <size key="GridCell.Tab.1.right.0.0.1920.1200@144dpi" width="1823" height="507" />
    <size key="GridCell.Tab.1.bottom.0.0.1920.1200@144dpi" width="1823" height="507" />
    <size key="GridCell.Tab.0.left.0.0.1920.1080" width="432" height="936" />
    <size key="GridCell.Tab.0.center.0.0.1920.1080" width="432" height="936" />
    <size key="GridCell.Tab.0.right.0.0.1920.1080" width="432" height="936" />
    <size key="GridCell.Tab.0.bottom.0.0.1920.1080" width="432" height="936" />
    <size key="GridCell.Tab.1.left.0.0.1920.1080" width="1854" height="446" />
    <size key="GridCell.Tab.1.center.0.0.1920.1080" width="1854" height="446" />
    <size key="GridCell.Tab.1.right.0.0.1920.1080" width="1854" height="446" />
    <size key="GridCell.Tab.1.bottom.0.0.1920.1080" width="1854" height="446" />
    <size key="GridCell.Tab.-1.left.0.0.1920.1080" width="882" height="936" />
    <size key="GridCell.Tab.-1.center.0.0.1920.1080" width="882" height="936" />
    <size key="GridCell.Tab.-1.right.0.0.1920.1080" width="356" height="936" />
    <size key="GridCell.Tab.-1.bottom.0.0.1920.1080" width="882" height="936" />
    <size key="find.popup.-2880.0.1920.1200@144dpi" width="1437" height="1053" />
  </component>
  <component name="WindowManager">
    <frame x="0" y="0" width="1911" height="1039" extendedState="6" />
  </component>
  <component name="WindowStateApplicationService">
    <state x="360" y="67" width="602" height="623" key="FileChooserDialogImpl" timestamp="1724641880280">
      <screen x="0" y="0" width="1280" height="752" />
    </state>
    <state x="360" y="67" width="602" height="623" key="FileChooserDialogImpl/0.0.1280.752" timestamp="1724641880280" />
    <state x="240" y="28" width="800" height="724" key="new project wizard" timestamp="1724641886730">
      <screen x="0" y="0" width="1280" height="752" />
    </state>
    <state x="240" y="28" width="800" height="724" key="new project wizard/0.0.1280.752" timestamp="1724641886730" />
  </component>
</application>