<keymap version="1" name="Windows copy" parent="$default">
  <action id="AddToFavoritesPopup" />
  <action id="CloseActiveTab" />
  <action id="CloseAllEditors">
    <keyboard-shortcut first-keystroke="shift ctrl f4" />
    <keyboard-shortcut first-keystroke="shift ctrl w" />
  </action>
  <action id="CloseAllEditorsButActive">
    <keyboard-shortcut first-keystroke="ctrl f4" />
  </action>
  <action id="CloseContent">
    <keyboard-shortcut first-keystroke="ctrl w" />
  </action>
  <action id="CompareTwoFiles" />
  <action id="ConvertJavaToKotlin" />
  <action id="Diff.ShowDiff" />
  <action id="DuplicatesForm.SendToLeft" />
  <action id="DuplicatesForm.SendToRight" />
  <action id="EditorDuplicate" />
  <action id="EditorSelectWord">
    <keyboard-shortcut first-keystroke="ctrl e" />
  </action>
  <action id="EditorSplitLine" />
  <action id="EditorStartNewLine">
    <keyboard-shortcut first-keystroke="ctrl enter" />
  </action>
  <action id="EditorStartNewLineBefore">
    <keyboard-shortcut first-keystroke="shift ctrl enter" />
  </action>
  <action id="EditorUnSelectWord">
    <keyboard-shortcut first-keystroke="shift ctrl e" />
  </action>
  <action id="FileChooser.GotoDesktop" />
  <action id="FileChooser.GotoHome" />
  <action id="FileChooser.GotoModule" />
  <action id="FileChooser.GotoProject" />
  <action id="Generate">
    <keyboard-shortcut first-keystroke="alt insert" />
    <keyboard-shortcut first-keystroke="alt i" />
  </action>
  <action id="Go To Last Tab">
    <keyboard-shortcut first-keystroke="ctrl 9" />
  </action>
  <action id="Go To Tab #1">
    <keyboard-shortcut first-keystroke="ctrl 1" />
  </action>
  <action id="Go To Tab #2">
    <keyboard-shortcut first-keystroke="ctrl 2" />
  </action>
  <action id="Go To Tab #3">
    <keyboard-shortcut first-keystroke="ctrl 3" />
  </action>
  <action id="Go To Tab #4">
    <keyboard-shortcut first-keystroke="ctrl 4" />
  </action>
  <action id="Go To Tab #5">
    <keyboard-shortcut first-keystroke="ctrl 5" />
  </action>
  <action id="Go To Tab #6">
    <keyboard-shortcut first-keystroke="ctrl 6" />
  </action>
  <action id="Go To Tab #7">
    <keyboard-shortcut first-keystroke="ctrl 7" />
  </action>
  <action id="Go To Tab #8">
    <keyboard-shortcut first-keystroke="ctrl 8" />
  </action>
  <action id="GotoBookmark0" />
  <action id="GotoBookmark1" />
  <action id="GotoBookmark2" />
  <action id="GotoBookmark3" />
  <action id="GotoBookmark4" />
  <action id="GotoBookmark5" />
  <action id="GotoBookmark6" />
  <action id="GotoBookmark7" />
  <action id="GotoBookmark8" />
  <action id="GotoBookmark9" />
  <action id="GotoTest" />
  <action id="GuiDesigner.Duplicate" />
  <action id="GuiDesigner.ShrinkSelection">
    <keyboard-shortcut first-keystroke="shift ctrl e" />
  </action>
  <action id="Images.Thumbnails.Hide" />
  <action id="IntroduceFunctionalParameter" />
  <action id="MoveTabRight">
    <keyboard-shortcut first-keystroke="shift alt l" />
  </action>
  <action id="NewClass">
    <keyboard-shortcut first-keystroke="shift ctrl alt k" />
  </action>
  <action id="NewDir">
    <keyboard-shortcut first-keystroke="shift ctrl alt p" />
  </action>
  <action id="NewFile">
    <keyboard-shortcut first-keystroke="shift ctrl alt u" />
  </action>
  <action id="NextSplitter">
    <keyboard-shortcut first-keystroke="shift alt k" />
  </action>
  <action id="NextTab">
    <keyboard-shortcut first-keystroke="alt right" />
    <keyboard-shortcut first-keystroke="alt k" />
  </action>
  <action id="PrevSplitter">
    <keyboard-shortcut first-keystroke="shift alt j" />
  </action>
  <action id="PreviousTab">
    <keyboard-shortcut first-keystroke="alt left" />
    <keyboard-shortcut first-keystroke="alt j" />
  </action>
  <action id="RecentFiles" />
  <action id="RecentLocations" />
  <action id="ReformatCode">
    <keyboard-shortcut first-keystroke="ctrl alt l" />
    <keyboard-shortcut first-keystroke="shift alt f" />
  </action>
  <action id="ReopenClosedTab">
    <keyboard-shortcut first-keystroke="shift ctrl t" />
  </action>
  <action id="ResourceExplorer.show" />
  <action id="RunDashboard.CopyConfiguration" />
  <action id="SelectNextOccurrence">
    <keyboard-shortcut first-keystroke="ctrl d" />
  </action>
  <action id="SendEOF" />
  <action id="ServiceView.ShowServices" />
  <action id="SmartSelect">
    <keyboard-shortcut first-keystroke="ctrl e" />
  </action>
  <action id="SmartUnSelect">
    <keyboard-shortcut first-keystroke="shift ctrl e" />
  </action>
  <action id="SwitcherIterateItems" />
  <action id="SwitcherRecentEditedChangedToggleCheckBox" />
  <action id="TableResult.GrowSelection">
    <keyboard-shortcut first-keystroke="ctrl e" />
  </action>
  <action id="TableResult.ShrinkSelection">
    <keyboard-shortcut first-keystroke="shift ctrl e" />
  </action>
  <action id="TableResult.UnselectPreviousOccurrence" />
  <action id="UnselectPreviousOccurrence" />
  <action id="UsageFiltering.WriteAccess" />
  <action id="Vcs.ShowMessageHistory">
    <keyboard-shortcut first-keystroke="ctrl m" />
  </action>
  <action id="XDebugger.CopyWatch" />
  <action id="context.load" />
  <action id="openAssertEqualsDiff" />
</keymap>