<keymap version="1" name="Windows copy 1" parent="$default">
  <action id="ActivateBookmarksToolWindow" />
  <action id="ActivateCommitToolWindow" />
  <action id="ActivateDebugToolWindow">
    <keyboard-shortcut first-keystroke="ctrl 2" />
  </action>
  <action id="ActivateFavoritesToolWindow">
    <keyboard-shortcut first-keystroke="ctrl 5" />
  </action>
  <action id="ActivateFindToolWindow" />
  <action id="ActivateProblemsViewToolWindow" />
  <action id="ActivateProjectToolWindow">
    <keyboard-shortcut first-keystroke="ctrl 1" />
  </action>
  <action id="ActivateRunToolWindow">
    <keyboard-shortcut first-keystroke="ctrl 4" />
  </action>
  <action id="ActivateServicesToolWindow">
    <keyboard-shortcut first-keystroke="ctrl 3" />
  </action>
  <action id="ActivateStructureToolWindow">
    <keyboard-shortcut first-keystroke="ctrl 7" />
  </action>
  <action id="ActivateTODOToolWindow">
    <keyboard-shortcut first-keystroke="ctrl 6" />
  </action>
  <action id="ActivateTerminalToolWindow">
    <keyboard-shortcut first-keystroke="alt f12" />
    <keyboard-shortcut first-keystroke="alt t" />
  </action>
  <action id="ActivateVersionControlToolWindow">
    <keyboard-shortcut first-keystroke="ctrl 9" />
    <keyboard-shortcut first-keystroke="alt g" />
  </action>
  <action id="AddToFavoritesPopup" />
  <action id="Annotate">
    <keyboard-shortcut first-keystroke="alt n" />
    <keyboard-shortcut first-keystroke="alt b" />
  </action>
  <action id="ChangesView.Diff" />
  <action id="CheckinProject" />
  <action id="CloseAllEditors">
    <keyboard-shortcut first-keystroke="shift alt w" />
  </action>
  <action id="CloseAllEditorsButActive">
    <keyboard-shortcut first-keystroke="ctrl f4" />
    <keyboard-shortcut first-keystroke="shift alt 4" />
  </action>
  <action id="CloseContent">
    <keyboard-shortcut first-keystroke="alt w" />
  </action>
  <action id="CodeCompletion">
    <keyboard-shortcut first-keystroke="ctrl space" />
    <keyboard-shortcut first-keystroke="alt l" />
  </action>
  <action id="CollapseAll">
    <keyboard-shortcut first-keystroke="ctrl subtract" />
  </action>
  <action id="CollapseExpandableComponent">
    <keyboard-shortcut first-keystroke="shift enter" />
    <keyboard-shortcut first-keystroke="ctrl subtract" />
  </action>
  <action id="CollapseRegion">
    <keyboard-shortcut first-keystroke="ctrl subtract" />
  </action>
  <action id="CompareTwoFiles" />
  <action id="Console.Execute.Multiline" />
  <action id="Console.History.Browse" />
  <action id="Console.Jdbc.Execute" />
  <action id="Console.Jpa.GenerateSql" />
  <action id="Console.TableResult.CloneRow" />
  <action id="Console.TableResult.Submit" />
  <action id="ConvertJavaToKotlin" />
  <action id="DSM.ZoomIn">
    <keyboard-shortcut first-keystroke="ctrl add" />
  </action>
  <action id="DatabaseView.CopyAction" />
  <action id="Diff.FocusOppositePane" />
  <action id="Diff.FocusOppositePaneAndScroll" />
  <action id="Diff.ShowDiff" />
  <action id="DirDiffMenu.SynchronizeDiff.All" />
  <action id="DuplicatesForm.SendToLeft" />
  <action id="DuplicatesForm.SendToRight" />
  <action id="EditSourceInNewWindow">
    <keyboard-shortcut first-keystroke="shift f4" />
    <keyboard-shortcut first-keystroke="shift alt v" />
  </action>
  <action id="EditorChooseLookupItemCompleteStatement" />
  <action id="EditorCompleteStatement">
    <keyboard-shortcut first-keystroke="ctrl alt enter" />
  </action>
  <action id="EditorContextInfo" />
  <action id="EditorCreateRectangularSelectionOnMouseDrag">
    <mouse-shortcut keystroke="button2" />
  </action>
  <action id="EditorDecreaseFontSize">
    <keyboard-shortcut first-keystroke="ctrl minus" />
  </action>
  <action id="EditorDown">
    <keyboard-shortcut first-keystroke="down" />
    <keyboard-shortcut first-keystroke="ctrl j" />
  </action>
  <action id="EditorDuplicate" />
  <action id="EditorIncreaseFontSize">
    <keyboard-shortcut first-keystroke="ctrl equals" />
  </action>
  <action id="EditorSelectWord" />
  <action id="EditorSplitLine" />
  <action id="EditorStartNewLine">
    <keyboard-shortcut first-keystroke="ctrl enter" />
  </action>
  <action id="EditorStartNewLineBefore">
    <keyboard-shortcut first-keystroke="shift ctrl enter" />
  </action>
  <action id="EditorToggleUseSoftWraps">
    <keyboard-shortcut first-keystroke="shift alt s" />
  </action>
  <action id="EditorUnSelectWord" />
  <action id="EditorUp">
    <keyboard-shortcut first-keystroke="up" />
    <keyboard-shortcut first-keystroke="ctrl k" />
  </action>
  <action id="EvaluateExpression">
    <keyboard-shortcut first-keystroke="alt f8" />
    <keyboard-shortcut first-keystroke="alt e" />
  </action>
  <action id="ExpandAll">
    <keyboard-shortcut first-keystroke="ctrl add" />
  </action>
  <action id="ExpandExpandableComponent">
    <keyboard-shortcut first-keystroke="shift enter" />
    <keyboard-shortcut first-keystroke="ctrl add" />
  </action>
  <action id="ExpandRegion">
    <keyboard-shortcut first-keystroke="ctrl add" />
  </action>
  <action id="ExternalSystem.ExpandAll">
    <keyboard-shortcut first-keystroke="ctrl add" />
  </action>
  <action id="FileChooser.GotoDesktop" />
  <action id="FileChooser.GotoHome" />
  <action id="FileChooser.GotoModule" />
  <action id="FileChooser.GotoProject" />
  <action id="FindInPath">
    <keyboard-shortcut first-keystroke="shift ctrl f" />
    <keyboard-shortcut first-keystroke="ctrl alt f" />
    <keyboard-shortcut first-keystroke="alt s" />
  </action>
  <action id="Git.CompareWithBranch">
    <keyboard-shortcut first-keystroke="shift alt b" />
  </action>
  <action id="Go To Last Tab">
    <keyboard-shortcut first-keystroke="alt 9" />
    <keyboard-shortcut first-keystroke="alt q" />
  </action>
  <action id="Go To Tab #1">
    <keyboard-shortcut first-keystroke="alt 1" />
  </action>
  <action id="Go To Tab #2">
    <keyboard-shortcut first-keystroke="alt 2" />
  </action>
  <action id="Go To Tab #3">
    <keyboard-shortcut first-keystroke="alt 3" />
  </action>
  <action id="Go To Tab #4">
    <keyboard-shortcut first-keystroke="alt 4" />
  </action>
  <action id="Go To Tab #5">
    <keyboard-shortcut first-keystroke="alt 5" />
  </action>
  <action id="Go To Tab #6">
    <keyboard-shortcut first-keystroke="alt 6" />
  </action>
  <action id="Go To Tab #7">
    <keyboard-shortcut first-keystroke="alt 7" />
  </action>
  <action id="Go To Tab #8">
    <keyboard-shortcut first-keystroke="alt 8" />
  </action>
  <action id="GotoBookmark1" />
  <action id="GotoBookmark2" />
  <action id="GotoBookmark3" />
  <action id="GotoBookmark4" />
  <action id="GotoBookmark5" />
  <action id="GotoBookmark6" />
  <action id="GotoBookmark7" />
  <action id="GotoBookmark8" />
  <action id="GotoBookmark9" />
  <action id="GotoDeclaration">
    <keyboard-shortcut first-keystroke="ctrl b" />
    <mouse-shortcut keystroke="control button1" />
    <mouse-shortcut keystroke="button2" />
    <mouse-shortcut keystroke="alt button1" />
    <keyboard-shortcut first-keystroke="alt d" />
  </action>
  <action id="GotoImplementation">
    <keyboard-shortcut first-keystroke="ctrl alt b" />
    <mouse-shortcut keystroke="control alt button1" />
    <keyboard-shortcut first-keystroke="alt f" />
  </action>
  <action id="GotoSuperMethod">
    <keyboard-shortcut first-keystroke="ctrl u" />
    <keyboard-shortcut first-keystroke="alt r" />
  </action>
  <action id="GotoSymbol" />
  <action id="GotoTest" />
  <action id="Groovy.Shell.Execute" />
  <action id="GuiDesigner.QuickJavadoc">
    <mouse-shortcut keystroke="alt button2" />
  </action>
  <action id="GuiDesigner.SurroundPopup" />
  <action id="Images.Editor.ZoomIn">
    <keyboard-shortcut first-keystroke="ctrl add" />
  </action>
  <action id="InsertLiveTemplate" />
  <action id="IntroduceField" />
  <action id="IntroduceFunctionalParameter" />
  <action id="IntroduceProperty" />
  <action id="InvalidateCaches">
    <keyboard-shortcut first-keystroke="shift ctrl alt r" />
  </action>
  <action id="Jdbc.OpenEditor.DDL">
    <keyboard-shortcut first-keystroke="ctrl b" />
    <mouse-shortcut keystroke="control button1" />
    <mouse-shortcut keystroke="button2" />
  </action>
  <action id="KotlinShellExecute" />
  <action id="List-selectPreviousRow">
    <keyboard-shortcut first-keystroke="up" />
  </action>
  <action id="Maven.ExpandAll">
    <keyboard-shortcut first-keystroke="ctrl add" />
  </action>
  <action id="NavBar-selectUp">
    <keyboard-shortcut first-keystroke="up" />
  </action>
  <action id="NewClass">
    <keyboard-shortcut first-keystroke="shift ctrl alt k" />
  </action>
  <action id="NewDir">
    <keyboard-shortcut first-keystroke="shift ctrl alt p" />
  </action>
  <action id="NewFile">
    <keyboard-shortcut first-keystroke="shift ctrl alt n" />
  </action>
  <action id="NextSplitter">
    <keyboard-shortcut first-keystroke="shift alt k" />
  </action>
  <action id="NextTab">
    <keyboard-shortcut first-keystroke="alt right" />
    <keyboard-shortcut first-keystroke="ctrl tab" />
    <keyboard-shortcut first-keystroke="alt k" />
  </action>
  <action id="PerforceDirect.Edit" />
  <action id="PopupMenu-selectNext">
    <keyboard-shortcut first-keystroke="down" />
  </action>
  <action id="PopupMenu-selectPrevious">
    <keyboard-shortcut first-keystroke="up" />
  </action>
  <action id="PrevSplitter">
    <keyboard-shortcut first-keystroke="shift alt j" />
  </action>
  <action id="PreviousTab">
    <keyboard-shortcut first-keystroke="alt left" />
    <keyboard-shortcut first-keystroke="shift ctrl tab" />
    <keyboard-shortcut first-keystroke="alt j" />
  </action>
  <action id="QuickActionPopup" />
  <action id="QuickEvaluateExpression">
    <keyboard-shortcut first-keystroke="ctrl alt f8" />
    <mouse-shortcut keystroke="alt button3" />
  </action>
  <action id="QuickJavaDoc">
    <mouse-shortcut keystroke="alt button2" />
  </action>
  <action id="ReformatCode">
    <keyboard-shortcut first-keystroke="ctrl alt l" />
    <keyboard-shortcut first-keystroke="shift alt f" />
  </action>
  <action id="RenameElement">
    <keyboard-shortcut first-keystroke="shift f6" />
    <keyboard-shortcut first-keystroke="shift alt o" />
  </action>
  <action id="ReopenClosedTab">
    <keyboard-shortcut first-keystroke="shift alt t" />
  </action>
  <action id="ResourceExplorer.show" />
  <action id="RunDashboard.CopyConfiguration" />
  <action id="Scala.ShowImplicits">
    <keyboard-shortcut first-keystroke="shift ctrl alt equals" />
    <keyboard-shortcut first-keystroke="shift ctrl alt add" />
  </action>
  <action id="ScalaConsole.Execute">
    <keyboard-shortcut first-keystroke="enter" />
  </action>
  <action id="SearchEverywhere">
    <keyboard-shortcut first-keystroke="alt a" />
  </action>
  <action id="SelectNextOccurrence">
    <keyboard-shortcut first-keystroke="ctrl d" />
    <keyboard-shortcut first-keystroke="alt c" />
  </action>
  <action id="SelectVirtualTemplateElement" />
  <action id="SendEOF" />
  <action id="ServiceView.GroupByContributor" />
  <action id="ServiceView.ShowServices" />
  <action id="ShowFilterPopup" />
  <action id="SplitVertically">
    <keyboard-shortcut first-keystroke="alt v" />
  </action>
  <action id="SurroundWith" />
  <action id="Switcher" />
  <action id="TabSwitchPlugin.SwitchTab">
    <keyboard-shortcut first-keystroke="ctrl q" />
  </action>
  <action id="Table-selectPreviousRow">
    <keyboard-shortcut first-keystroke="up" />
  </action>
  <action id="TableResult.UnselectPreviousOccurrence" />
  <action id="ToggleFindInSelection" />
  <action id="Tree-selectNext">
    <keyboard-shortcut first-keystroke="down" />
  </action>
  <action id="Tree-selectPrevious">
    <keyboard-shortcut first-keystroke="up" />
  </action>
  <action id="UnselectPreviousOccurrence" />
  <action id="Vcs.Log.ShowTooltip">
    <mouse-shortcut keystroke="alt button2" />
  </action>
  <action id="ViewSource" />
  <action id="context.save" />
  <action id="copilot.disposeInlays" />
  <action id="openAssertEqualsDiff" />
  <action id="tasks.close" />
  <action id="tasks.open.in.browser" />
  <action id="tasks.switch" />
</keymap>