<application>
  <component name="VimEditorSettings">
    <editor />
  </component>
  <component name="VimHistorySettings">
    <history>
      <history-search>
        <entry encoding="base64">XDxhdXRoXD4=</entry>
        <entry encoding="base64">XDx2YWxcPg==</entry>
        <entry>searchBagga</entry>
        <entry>kjkjk</entry>
        <entry encoding="base64">XDxpbmJvdW5kUE5SXD4=</entry>
        <entry encoding="base64">XDxvdXRib3VuZEZsaWdodFBOUnNcPg==</entry>
        <entry encoding="base64">XDxib29raW5nSGFzUmVhbFBuclw+</entry>
        <entry encoding="base64">XDxyZXNlcnZhdGlvbkNoZWNraW5nU2NoZWR1bGVyXD4=</entry>
        <entry encoding="base64">XDxzZWdtZW50XD4=</entry>
        <entry encoding="base64">XDxvckVsc2VUaHJvd1w+</entry>
        <entry encoding="base64">XDxEZWZpbmVcPg==</entry>
        <entry encoding="base64">XDxmbGlnaHRCb29raW5nUmVwb1w+</entry>
      </history-search>
      <history-cmd>
        <entry>46</entry>
        <entry>64</entry>
        <entry>102</entry>
        <entry>101</entry>
        <entry>120</entry>
        <entry>52</entry>
        <entry>170</entry>
        <entry>160</entry>
        <entry>26</entry>
        <entry>428</entry>
        <entry>178</entry>
        <entry>39</entry>
        <entry>action ShowUsage</entry>
        <entry>231</entry>
        <entry>286</entry>
        <entry>35</entry>
        <entry>140</entry>
        <entry>action GotoImplementation</entry>
        <entry>!</entry>
        <entry>2</entry>
      </history-cmd>
      <history-expr />
      <history-input />
    </history>
  </component>
  <component name="VimKeySettings">
    <shortcut-conflicts>
      <shortcut-conflict owner="ide">
        <text>ctrl pressed W</text>
      </shortcut-conflict>
      <shortcut-conflict owner="vim">
        <text>ctrl pressed J</text>
      </shortcut-conflict>
      <shortcut-conflict owner="vim">
        <text>ctrl pressed U</text>
      </shortcut-conflict>
      <shortcut-conflict owner="ide">
        <text>ctrl pressed V</text>
      </shortcut-conflict>
      <shortcut-conflict owner="vim">
        <text>ctrl pressed K</text>
      </shortcut-conflict>
      <shortcut-conflict owner="vim">
        <text>ctrl pressed L</text>
      </shortcut-conflict>
      <shortcut-conflict owner="ide">
        <text>ctrl pressed A</text>
      </shortcut-conflict>
      <shortcut-conflict owner="ide">
        <text>ctrl pressed B</text>
      </shortcut-conflict>
      <shortcut-conflict owner="ide">
        <text>ctrl pressed X</text>
      </shortcut-conflict>
      <shortcut-conflict owner="vim">
        <text>ctrl pressed M</text>
      </shortcut-conflict>
      <shortcut-conflict owner="ide">
        <text>ctrl pressed N</text>
      </shortcut-conflict>
      <shortcut-conflict owner="ide">
        <text>ctrl pressed C</text>
      </shortcut-conflict>
      <shortcut-conflict owner="ide">
        <text>ctrl pressed D</text>
      </shortcut-conflict>
      <shortcut-conflict owner="vim">
        <text>ctrl pressed Y</text>
      </shortcut-conflict>
      <shortcut-conflict owner="vim">
        <text>ctrl pressed O</text>
      </shortcut-conflict>
      <shortcut-conflict owner="vim">
        <text>ctrl pressed P</text>
      </shortcut-conflict>
      <shortcut-conflict owner="vim">
        <text>ctrl pressed E</text>
      </shortcut-conflict>
      <shortcut-conflict owner="ide">
        <text>ctrl pressed F</text>
      </shortcut-conflict>
      <shortcut-conflict owner="vim">
        <text>ctrl pressed OPEN_BRACKET</text>
      </shortcut-conflict>
      <shortcut-conflict owner="vim">
        <text>ctrl pressed Q</text>
      </shortcut-conflict>
      <shortcut-conflict owner="ide">
        <text>ctrl pressed 2</text>
      </shortcut-conflict>
      <shortcut-conflict owner="ide">
        <text>ctrl pressed R</text>
      </shortcut-conflict>
      <shortcut-conflict owner="vim">
        <text>ctrl pressed G</text>
      </shortcut-conflict>
      <shortcut-conflict owner="vim">
        <text>ctrl pressed H</text>
      </shortcut-conflict>
      <shortcut-conflict owner="vim">
        <text>ctrl pressed CLOSE_BRACKET</text>
      </shortcut-conflict>
      <shortcut-conflict owner="ide">
        <text>ctrl pressed S</text>
      </shortcut-conflict>
      <shortcut-conflict owner="vim">
        <text>ctrl pressed T</text>
      </shortcut-conflict>
      <shortcut-conflict owner="vim">
        <text>ctrl pressed I</text>
      </shortcut-conflict>
      <shortcut-conflict owner="vim">
        <text>shift ctrl pressed 2</text>
      </shortcut-conflict>
    </shortcut-conflicts>
  </component>
  <component name="VimMarksSettings">
    <globalmarks />
    <filemarks>
      <file name="$USER_HOME$/Dev/flight/app/vn/tripi/flight/booking/service/internal/BookingValidationServiceImpl.java" timestamp="1663815879705">
        <mark key="'" line="210" column="16" />
      </file>
      <file name="$USER_HOME$/Dev/flight/app/vn/tripi/flight/core/service/ConfService.java" timestamp="1663813869617" />
      <file name="$USER_HOME$/Dev/flight/app/vn/tripi/flight/engine/vnthub/model/request/SearchRQ.java" timestamp="1663816770957" />
      <file name="$USER_HOME$/Dev/flight/app/api/apimodel/ticket/TicketPoliciesRS.java" timestamp="1663817252981">
        <mark key="'" line="10" column="13" />
      </file>
      <file name="$USER_HOME$/Dev/flight/app/api/controller/SearchController.java" timestamp="1663821938782">
        <mark key="[" line="224" column="0" />
        <mark key="]" line="224" column="0" />
        <mark key="^" line="224" column="101" />
        <mark key="." line="224" column="0" />
      </file>
      <file name="$USER_HOME$/Dev/flight/app/vn/tripi/flight/traveloption/service/impl/StreamSearchTicketService.java" timestamp="1663829374783">
        <mark key="'" line="105" column="64" />
        <mark key="[" line="280" column="79" />
        <mark key="]" line="281" column="26" />
        <mark key="." line="281" column="25" />
        <mark key="^" line="281" column="26" />
      </file>
      <file name="$USER_HOME$/Dev/flight/app/vn/tripi/flight/traveloption/service/impl/SearchResultCacheServiceImpl.java" timestamp="1663829946519">
        <mark key="'" line="119" column="23" />
        <mark key="[" line="266" column="41" />
        <mark key="]" line="266" column="52" />
        <mark key="." line="266" column="51" />
        <mark key="^" line="266" column="52" />
      </file>
      <file name="$USER_HOME$/Dev/flight/conf/routes" timestamp="1663817293651" />
      <file name="$USER_HOME$/Dev/flight/app/vn/tripi/flight/booking/service/internal/BookingServiceImpl.java" timestamp="1663815977651">
        <mark key="[" line="139" column="32" />
        <mark key="]" line="99" column="46" />
        <mark key="^" line="99" column="46" />
        <mark key="." line="99" column="45" />
      </file>
      <file name="$USER_HOME$/Dev/flight/app/vn/tripi/flight/traveloption/service/SearchTicketService.java" timestamp="1663829218071">
        <mark key="[" line="37" column="0" />
        <mark key="]" line="37" column="0" />
        <mark key="." line="37" column="0" />
      </file>
      <file name="$USER_HOME$/Dev/flight/app/vn/tripi/flight/traveloption/service/SearchResultCacheService.java" timestamp="1663830017081">
        <mark key="[" line="44" column="30" />
        <mark key="]" line="44" column="31" />
        <mark key="." line="44" column="30" />
        <mark key="^" line="44" column="31" />
      </file>
      <file name="$USER_HOME$/Dev/flight/app/vn/tripi/flight/core/common/redis/TripiRedisClient.java" timestamp="1663829634438">
        <mark key="[" line="15" column="9" />
        <mark key="]" line="15" column="9" />
        <mark key="." line="15" column="8" />
        <mark key="^" line="15" column="9" />
      </file>
      <file name="$USER_HOME$/Dev/flight/app/vn/tripi/flight/core/model/FlightSearchRequest.java" timestamp="1663816850885" />
      <file name="/fragment.java" timestamp="1663818433175">
        <mark key="[" line="0" column="0" />
        <mark key="]" line="0" column="0" />
        <mark key="." line="0" column="0" />
        <mark key="^" line="0" column="42" />
      </file>
      <file name="$USER_HOME$/Dev/flight/app/vn/tripi/flight/core/model/FlightSearchResult.java" timestamp="1663816714241" />
    </filemarks>
    <jumps>
      <jump line="335" column="0" filename="$USER_HOME$/Dev/flight/app/vn/tripi/flight/core/common/util/DateUtils.java" />
      <jump line="270" column="37" filename="$USER_HOME$/Dev/flyx/core-service/src/main/java/vn/tripi/flight/core/mapper/impl/CommonBookingItemInfoMapperImpl.java" />
      <jump line="126" column="35" filename="$USER_HOME$/Dev/flight/app/services/FlightPolicyService.java" />
      <jump line="285" column="0" filename="$USER_HOME$/Dev/flight/app/services/FlightPolicyService.java" />
      <jump line="130" column="84" filename="$USER_HOME$/Dev/flight/app/vn/tripi/flight/engine/vnthub/internal/VNTTravelOptionConverterImpl.java" />
      <jump line="115" column="18" filename="$USER_HOME$/Dev/flyx/web/src/main/java/vn/tripi/flight/web/controller/ChannelBookingRetrieveController.java" />
      <jump line="62" column="21" filename="$USER_HOME$/Dev/flyx/booking-retriever-service/src/main/java/vn/tripi/flight/retriever/service/impl/ChannelBookingRetrieverServiceImpl.java" />
      <jump line="245" column="98" filename="$USER_HOME$/Dev/flyx/booking-retriever-service/src/main/java/vn/tripi/flight/retriever/service/impl/ChannelBookingRetrieverServiceImpl.java" />
      <jump line="52" column="64" filename="$USER_HOME$/Dev/flyx/booking-retriever-service/src/main/java/vn/tripi/flight/retriever/service/impl/ChannelBookingRetrieverServiceImpl.java" />
      <jump line="42" column="13" filename="$USER_HOME$/Dev/flyx/core-service/src/main/java/vn/tripi/flight/core/service/impl/BookingRetrieverServiceImpl.java" />
      <jump line="178" column="21" filename="$USER_HOME$/Dev/flyx/core-service/src/main/java/vn/tripi/flight/core/service/impl/BookingRetrieverServiceImpl.java" />
      <jump line="300" column="0" filename="$USER_HOME$/Dev/flyx/core-service/src/main/java/vn/tripi/flight/core/service/impl/BookingRetrieverServiceImpl.java" />
      <jump line="251" column="31" filename="$USER_HOME$/Dev/flyx/booking-retriever-service/src/main/java/vn/tripi/flight/retriever/service/impl/ChannelBookingRetrieverServiceImpl.java" />
      <jump line="63" column="50" filename="$USER_HOME$/Dev/flyx/booking-retriever-service/src/main/java/vn/tripi/flight/retriever/service/impl/ChannelBookingRetrieverServiceImpl.java" />
      <jump line="112" column="31" filename="$USER_HOME$/Dev/flight/app/api/controller/SearchController.java" />
      <jump line="206" column="35" filename="$USER_HOME$/Dev/flight/app/vn/tripi/flight/traveloption/service/impl/StreamSearchTicketService.java" />
      <jump line="272" column="0" filename="$USER_HOME$/Dev/flight/app/vn/tripi/flight/traveloption/service/impl/StreamSearchTicketService.java" />
      <jump line="59" column="0" filename="$USER_HOME$/Dev/flight/app/vn/tripi/flight/traveloption/service/impl/StreamSearchTicketService.java" />
      <jump line="127" column="12" filename="$USER_HOME$/Dev/flight/app/api/controller/SearchController.java" />
      <jump line="804" column="0" filename="$USER_HOME$/Dev/flight/app/api/controller/SearchController.java" />
      <jump line="37" column="26" filename="$USER_HOME$/Dev/flight/app/vn/tripi/flight/traveloption/service/impl/SearchResultCacheServiceImpl.java" />
      <jump line="39" column="0" filename="$USER_HOME$/Dev/flight/app/vn/tripi/flight/traveloption/service/impl/SearchResultCacheServiceImpl.java" />
      <jump line="44" column="55" filename="$USER_HOME$/Dev/flight/app/vn/tripi/flight/traveloption/service/SearchResultCacheService.java" />
      <jump line="248" column="28" filename="$USER_HOME$/Dev/flight/app/vn/tripi/flight/traveloption/service/impl/SearchResultCacheServiceImpl.java" />
      <jump line="259" column="0" filename="$USER_HOME$/Dev/flight/app/vn/tripi/flight/traveloption/service/impl/SearchResultCacheServiceImpl.java" />
      <jump line="78" column="8" filename="$USER_HOME$/Dev/flight/app/vn/tripi/flight/traveloption/service/impl/SearchResultCacheServiceImpl.java" />
      <jump line="81" column="42" filename="$USER_HOME$/Dev/flight/app/vn/tripi/flight/traveloption/service/impl/SearchResultCacheServiceImpl.java" />
      <jump line="235" column="52" filename="$USER_HOME$/Dev/flight/app/vn/tripi/flight/traveloption/service/impl/SearchResultCacheServiceImpl.java" />
      <jump line="276" column="0" filename="$USER_HOME$/Dev/flight/app/vn/tripi/flight/traveloption/service/impl/SearchResultCacheServiceImpl.java" />
      <jump line="64" column="30" filename="$USER_HOME$/Dev/flight/app/vn/tripi/flight/traveloption/service/impl/SearchResultCacheServiceImpl.java" />
      <jump line="258" column="4" filename="$USER_HOME$/Dev/flight/app/vn/tripi/flight/traveloption/service/impl/SearchResultCacheServiceImpl.java" />
      <jump line="270" column="0" filename="$USER_HOME$/Dev/flight/app/vn/tripi/flight/traveloption/service/impl/SearchResultCacheServiceImpl.java" />
      <jump line="243" column="8" filename="$USER_HOME$/Dev/flight/app/vn/tripi/flight/traveloption/service/impl/SearchResultCacheServiceImpl.java" />
      <jump line="20" column="116" filename="$USER_HOME$/Dev/flight/conf/routes" />
      <jump line="62" column="62" filename="$USER_HOME$/Dev/flyx/travel-options-service/src/main/java/vn/tripi/flight/travel/traveloptions/service/SearchTicketServiceImpl.java" />
      <jump line="83" column="32" filename="$USER_HOME$/Dev/flight/app/api/controller/SearchController.java" />
      <jump line="43" column="13" filename="$USER_HOME$/Dev/flight/app/vn/tripi/flight/traveloption/service/impl/StreamSearchTicketService.java" />
      <jump line="69" column="43" filename="$USER_HOME$/Dev/flight/app/vn/tripi/flight/traveloption/service/impl/StreamSearchTicketService.java" />
      <jump line="92" column="56" filename="$USER_HOME$/Dev/be/app/controllers/HelpDesk/BookingHistoryController.java" />
      <jump line="151" column="0" filename="$USER_HOME$/Dev/be/app/controllers/HelpDesk/BookingHistoryController.java" />
      <jump line="9" column="8" filename="$USER_HOME$/Dev/flight/app/vn/tripi/flight/restriction/impl/UserRestrictionServiceImpl.java" />
      <jump line="14" column="64" filename="$USER_HOME$/Dev/flight/app/vn/tripi/flight/restriction/impl/UserRestrictionServiceImpl.java" />
      <jump line="18" column="19" filename="$USER_HOME$/Dev/flight/app/vn/tripi/flight/restriction/impl/UserRestrictionServiceImpl.java" />
      <jump line="405" column="38" filename="$USER_HOME$/Dev/flight/app/vn/tripi/flight/booking/service/internal/FlightTicketServiceImpl.java" />
      <jump line="612" column="0" filename="$USER_HOME$/Dev/flight/app/vn/tripi/flight/booking/service/internal/FlightTicketServiceImpl.java" />
      <jump line="126" column="114" filename="$USER_HOME$/Dev/flight/app/vn/tripi/flight/core/repo/aclicktogo/FlightBookingEBeanRepo.java" />
      <jump line="51" column="40" filename="$USER_HOME$/Dev/flight/app/vn/tripi/flight/core/repo/aclicktogo/FlightBookingEBeanRepo.java" />
      <jump line="257" column="30" filename="$USER_HOME$/Dev/flight/app/vn/tripi/flight/core/repo/aclicktogo/FlightBookingEBeanRepo.java" />
      <jump line="250" column="85" filename="$USER_HOME$/Dev/flight/app/vn/tripi/flight/core/repo/aclicktogo/FlightBookingEBeanRepo.java" />
      <jump line="12" column="41" filename="$USER_HOME$/Dev/flight/app/vn/tripi/flight/core/repo/aclicktogo/FlightBookingEBeanRepo.java" />
      <jump line="26" column="13" filename="$USER_HOME$/Dev/crm/app/flight/models/db/BookingHoldingLimitation.java" />
      <jump line="246" column="43" filename="$USER_HOME$/Dev/flight/app/vn/tripi/flight/core/repo/aclicktogo/FlightBookingEBeanRepo.java" />
      <jump line="266" column="0" filename="$USER_HOME$/Dev/flight/app/vn/tripi/flight/core/repo/aclicktogo/FlightBookingEBeanRepo.java" />
      <jump line="280" column="28" filename="$USER_HOME$/Dev/flight/app/vn/tripi/flight/booking/service/internal/FlightTicketServiceImpl.java" />
      <jump line="52" column="40" filename="$USER_HOME$/Dev/flight/app/vn/tripi/flight/traveloption/service/impl/TicketHoldingTimeServiceImpl.java" />
      <jump line="29" column="67" filename="$USER_HOME$/Dev/flight/app/vn/tripi/flight/traveloption/service/impl/TicketHoldingTimeServiceImpl.java" />
      <jump line="17" column="76" filename="$USER_HOME$/Dev/flight/app/vn/tripi/flight/core/repo/BlockedUserRepo.java" />
      <jump line="21" column="54" filename="$USER_HOME$/Dev/flight/app/vn/tripi/flight/core/repo/BlockedUserRepo.java" />
      <jump line="55" column="34" filename="$USER_HOME$/Dev/flight/app/vn/tripi/flight/core/repo/BlockedUserRepo.java" />
      <jump line="57" column="43" filename="$USER_HOME$/Dev/flight/app/vn/tripi/flight/traveloption/service/impl/TicketHoldingTimeServiceImpl.java" />
      <jump line="75" column="0" filename="$USER_HOME$/Dev/flight/app/vn/tripi/flight/traveloption/service/impl/TicketHoldingTimeServiceImpl.java" />
      <jump line="31" column="100" filename="$USER_HOME$/Dev/flight/app/vn/tripi/flight/traveloption/service/impl/TicketHoldingTimeServiceImpl.java" />
      <jump line="56" column="34" filename="$USER_HOME$/Dev/flight/app/vn/tripi/flight/traveloption/service/impl/TicketHoldingTimeServiceImpl.java" />
      <jump line="281" column="76" filename="$USER_HOME$/Dev/flight/app/vn/tripi/flight/booking/service/internal/FlightTicketServiceImpl.java" />
      <jump line="107" column="34" filename="$USER_HOME$/Dev/flight/app/vn/tripi/flight/traveloption/service/impl/TicketHoldingTimeServiceImpl.java" />
      <jump line="122" column="0" filename="$USER_HOME$/Dev/flight/app/vn/tripi/flight/traveloption/service/impl/TicketHoldingTimeServiceImpl.java" />
      <jump line="38" column="58" filename="$USER_HOME$/Dev/flight/app/vn/tripi/flight/traveloption/service/impl/TicketHoldingTimeServiceImpl.java" />
      <jump line="36" column="13" filename="$USER_HOME$/Dev/flight/app/vn/tripi/flight/booker/VNTBooker.java" />
      <jump line="380" column="0" filename="$USER_HOME$/Dev/flight/app/vn/tripi/flight/engine/extractor/impl/FlightExtractorFactoryImpl.java" />
      <jump line="415" column="0" filename="$USER_HOME$/Dev/flight/app/vn/tripi/flight/engine/extractor/impl/FlightExtractorFactoryImpl.java" />
      <jump line="106" column="42" filename="$USER_HOME$/Dev/flight/app/vn/tripi/flight/traveloption/service/impl/TicketHoldingTimeServiceImpl.java" />
      <jump line="46" column="64" filename="$USER_HOME$/Dev/flight/app/vn/tripi/flight/traveloption/service/impl/TicketHoldingTimeServiceImpl.java" />
      <jump line="115" column="49" filename="$USER_HOME$/Dev/flight/app/vn/tripi/flight/traveloption/service/impl/TicketHoldingTimeServiceImpl.java" />
      <jump line="92" column="29" filename="$USER_HOME$/Dev/flight/app/vn/tripi/flight/booking/service/internal/BookingValidationServiceImpl.java" />
      <jump line="72" column="12" filename="$USER_HOME$/Dev/flight/app/vn/tripi/flight/booking/service/internal/BookingValidationServiceImpl.java" />
      <jump line="48" column="38" filename="$USER_HOME$/Dev/flight/app/vn/tripi/flight/traveloption/service/impl/TicketHoldingTimeServiceImpl.java" />
      <jump line="0" column="0" filename="$USER_HOME$/Dev/flight/app/vn/tripi/flight/traveloption/service/impl/TicketHoldingTimeServiceImpl.java" />
      <jump line="103" column="23" filename="$USER_HOME$/Dev/flight/app/vn/tripi/flight/traveloption/service/impl/TicketHoldingTimeServiceImpl.java" />
      <jump line="130" column="0" filename="$USER_HOME$/Dev/flight/app/vn/tripi/flight/traveloption/service/impl/TicketHoldingTimeServiceImpl.java" />
      <jump line="109" column="16" filename="$USER_HOME$/Dev/flight/app/vn/tripi/flight/engine/vnthub/internal/VNTTravelOptionConverterImpl.java" />
      <jump line="44" column="8" filename="$USER_HOME$/Dev/crm/app/flight/controllers/PnrRetrieveController.java" />
      <jump line="74" column="19" filename="$USER_HOME$/Dev/flight/app/vn/tripi/flight/core/model/FlightBooking.java" />
      <jump line="7" column="94" filename="$USER_HOME$/Dev/flight/app/vn/tripi/flight/core/repo/HoldingRestrictionForUserRepo.java" />
      <jump line="13" column="13" filename="$USER_HOME$/Dev/flight/app/vn/tripi/flight/core/model/HoldingRestrictionForUser.java" />
      <jump line="263" column="16" filename="$USER_HOME$/Dev/flight/app/vn/tripi/flight/booking/service/internal/BookingValidationServiceImpl.java" />
      <jump line="10" column="13" filename="$USER_HOME$/Dev/flight/app/api/apimodel/ticket/TicketPoliciesRS.java" />
      <jump line="67" column="45" filename="$USER_HOME$/Dev/flight/app/vn/tripi/flight/engine/vnthub/internal/VNTTravelOptionConverterImpl.java" />
      <jump line="227" column="12" filename="$USER_HOME$/Dev/flight/app/api/controller/SearchController.java" />
      <jump line="225" column="34" filename="$USER_HOME$/Dev/flight/app/api/controller/SearchController.java" />
      <jump line="105" column="64" filename="$USER_HOME$/Dev/flight/app/vn/tripi/flight/traveloption/service/impl/StreamSearchTicketService.java" />
      <jump line="262" column="29" filename="$USER_HOME$/Dev/flight/app/vn/tripi/flight/traveloption/service/impl/SearchResultCacheServiceImpl.java" />
      <jump line="261" column="12" filename="$USER_HOME$/Dev/flight/app/vn/tripi/flight/traveloption/service/impl/SearchResultCacheServiceImpl.java" />
      <jump line="1" column="0" filename="$USER_HOME$/Dev/flight/app/vn/tripi/flight/traveloption/service/impl/SearchResultCacheServiceImpl.java" />
      <jump line="59" column="7" filename="$USER_HOME$/Dev/flight/app/vn/tripi/flight/traveloption/service/impl/SearchResultCacheServiceImpl.java" />
      <jump line="267" column="0" filename="$USER_HOME$/Dev/flight/app/vn/tripi/flight/traveloption/service/impl/SearchResultCacheServiceImpl.java" />
      <jump line="275" column="0" filename="$USER_HOME$/Dev/flight/app/vn/tripi/flight/traveloption/service/impl/SearchResultCacheServiceImpl.java" />
      <jump line="57" column="26" filename="$USER_HOME$/Dev/flight/app/vn/tripi/flight/traveloption/service/impl/SearchResultCacheServiceImpl.java" />
      <jump line="0" column="0" filename="$USER_HOME$/Dev/flight/app/vn/tripi/flight/traveloption/service/impl/SearchResultCacheServiceImpl.java" />
      <jump line="249" column="4" filename="$USER_HOME$/Dev/flight/app/vn/tripi/flight/traveloption/service/impl/SearchResultCacheServiceImpl.java" />
      <jump line="119" column="23" filename="$USER_HOME$/Dev/flight/app/vn/tripi/flight/traveloption/service/impl/SearchResultCacheServiceImpl.java" />
    </jumps>
  </component>
  <component name="VimRegisterSettings">
    <registers>
      <register name="&quot;" type="2">
        <text encoding="base64">ICAgIGJvb2xlYW4gZXhpc3RTZWFyY2hSZXF1ZXN0KEZsaWdodFNlYXJjaFJlcXVlc3QgZnNyKTsK</text>
      </register>
      <register name="-" type="4">
        <text>Long</text>
      </register>
      <register name="/" type="4">
        <text encoding="base64">XDxmbGlnaHRCb29raW5nUmVwb1w+</text>
      </register>
      <register name="0" type="2">
        <text encoding="base64">ICAgIGJvb2xlYW4gZXhpc3RTZWFyY2hSZXF1ZXN0KEZsaWdodFNlYXJjaFJlcXVlc3QgZnNyKTsK</text>
      </register>
      <register name="1" type="2">
        <text encoding="base64">Cg==</text>
      </register>
      <register name="q" type="4">
        <text />
      </register>
      <register name="2" type="2">
        <text encoding="base64">ICAgIAo=</text>
      </register>
      <register name="3" type="2">
        <text encoding="base64">ICAgICAgICBzc3RhdAo=</text>
      </register>
      <register name="4" type="2">
        <text encoding="base64">ICAgIHByaXZhdGUgc3N0YXQK</text>
      </register>
      <register name="5" type="2">
        <text encoding="base64">ICAgIAo=</text>
      </register>
      <register name="6" type="2">
        <text encoding="base64">ICAgIAo=</text>
      </register>
      <register name="7" type="2">
        <text encoding="base64">Cg==</text>
      </register>
      <register name="8" type="2">
        <text encoding="base64">Cg==</text>
      </register>
      <register name="9" type="2">
        <text encoding="base64">Cg==</text>
      </register>
      <register name=":" type="4">
        <text>2</text>
      </register>
    </registers>
  </component>
  <component name="VimSearchSettings">
    <search>
      <last-search encoding="base64">XDxmbGlnaHRCb29raW5nUmVwb1w+</last-search>
      <last-offset />
      <last-pattern encoding="base64">XDxmbGlnaHRCb29raW5nUmVwb1w+</last-pattern>
      <last-dir>-1</last-dir>
      <show-last>false</show-last>
    </search>
  </component>
  <component name="VimSettings">
    <state version="6" enabled="true" />
    <notifications>
      <idea-join enabled="false" />
      <idea-put enabled="false" />
    </notifications>
  </component>
</application>