<application>
  <component name="VimEditorSettings">
    <editor />
  </component>
  <component name="VimHistorySettings">
    <history>
      <history-search>
        <entry encoding="base64">XDxhdXRoXD4=</entry>
        <entry encoding="base64">XDx2YWxcPg==</entry>
        <entry>searchBagga</entry>
        <entry>kjkjk</entry>
        <entry encoding="base64">XDxpbmJvdW5kUE5SXD4=</entry>
        <entry encoding="base64">XDxvdXRib3VuZEZsaWdodFBOUnNcPg==</entry>
        <entry encoding="base64">XDxib29raW5nSGFzUmVhbFBuclw+</entry>
        <entry encoding="base64">XDxyZXNlcnZhdGlvbkNoZWNraW5nU2NoZWR1bGVyXD4=</entry>
        <entry encoding="base64">XDxzZWdtZW50XD4=</entry>
        <entry encoding="base64">XDxvckVsc2VUaHJvd1w+</entry>
        <entry encoding="base64">XDxEZWZpbmVcPg==</entry>
        <entry encoding="base64">XDxmbGlnaHRCb29raW5nUmVwb1w+</entry>
        <entry encoding="base64">XDxkaWZmXD4=</entry>
        <entry encoding="base64">XDxMb25nXD4=</entry>
      </history-search>
      <history-cmd>
        <entry>102</entry>
        <entry>101</entry>
        <entry>120</entry>
        <entry>52</entry>
        <entry>170</entry>
        <entry>160</entry>
        <entry>26</entry>
        <entry>428</entry>
        <entry>178</entry>
        <entry>39</entry>
        <entry>action ShowUsage</entry>
        <entry>231</entry>
        <entry>286</entry>
        <entry>35</entry>
        <entry>140</entry>
        <entry>!</entry>
        <entry>2</entry>
        <entry>action GotoImplementation</entry>
        <entry>66</entry>
        <entry>283</entry>
      </history-cmd>
      <history-expr />
      <history-input />
    </history>
  </component>
  <component name="VimKeySettings">
    <shortcut-conflicts>
      <shortcut-conflict owner="ide">
        <text>ctrl pressed W</text>
      </shortcut-conflict>
      <shortcut-conflict owner="ide">
        <text>ctrl pressed J</text>
      </shortcut-conflict>
      <shortcut-conflict owner="vim">
        <text>ctrl pressed U</text>
      </shortcut-conflict>
      <shortcut-conflict owner="ide">
        <text>ctrl pressed V</text>
      </shortcut-conflict>
      <shortcut-conflict owner="ide">
        <text>ctrl pressed K</text>
      </shortcut-conflict>
      <shortcut-conflict owner="vim">
        <text>ctrl pressed L</text>
      </shortcut-conflict>
      <shortcut-conflict owner="ide">
        <text>ctrl pressed A</text>
      </shortcut-conflict>
      <shortcut-conflict owner="ide">
        <text>ctrl pressed B</text>
      </shortcut-conflict>
      <shortcut-conflict owner="ide">
        <text>ctrl pressed X</text>
      </shortcut-conflict>
      <shortcut-conflict owner="vim">
        <text>ctrl pressed M</text>
      </shortcut-conflict>
      <shortcut-conflict owner="ide">
        <text>ctrl pressed N</text>
      </shortcut-conflict>
      <shortcut-conflict owner="ide">
        <text>ctrl pressed C</text>
      </shortcut-conflict>
      <shortcut-conflict owner="ide">
        <text>ctrl pressed D</text>
      </shortcut-conflict>
      <shortcut-conflict owner="vim">
        <text>ctrl pressed Y</text>
      </shortcut-conflict>
      <shortcut-conflict owner="vim">
        <text>ctrl pressed O</text>
      </shortcut-conflict>
      <shortcut-conflict owner="vim">
        <text>ctrl pressed P</text>
      </shortcut-conflict>
      <shortcut-conflict owner="vim">
        <text>ctrl pressed E</text>
      </shortcut-conflict>
      <shortcut-conflict owner="ide">
        <text>ctrl pressed F</text>
      </shortcut-conflict>
      <shortcut-conflict owner="vim">
        <text>ctrl pressed OPEN_BRACKET</text>
      </shortcut-conflict>
      <shortcut-conflict owner="vim">
        <text>ctrl pressed Q</text>
      </shortcut-conflict>
      <shortcut-conflict owner="ide">
        <text>ctrl pressed 2</text>
      </shortcut-conflict>
      <shortcut-conflict owner="ide">
        <text>ctrl pressed R</text>
      </shortcut-conflict>
      <shortcut-conflict owner="vim">
        <text>ctrl pressed G</text>
      </shortcut-conflict>
      <shortcut-conflict owner="vim">
        <text>ctrl pressed H</text>
      </shortcut-conflict>
      <shortcut-conflict owner="vim">
        <text>ctrl pressed CLOSE_BRACKET</text>
      </shortcut-conflict>
      <shortcut-conflict owner="ide">
        <text>ctrl pressed S</text>
      </shortcut-conflict>
      <shortcut-conflict owner="vim">
        <text>ctrl pressed T</text>
      </shortcut-conflict>
      <shortcut-conflict owner="vim">
        <text>ctrl pressed I</text>
      </shortcut-conflict>
      <shortcut-conflict owner="vim">
        <text>shift ctrl pressed 2</text>
      </shortcut-conflict>
    </shortcut-conflicts>
  </component>
  <component name="VimMarksSettings">
    <globalmarks />
    <filemarks>
      <file name="$USER_HOME$/Dev/flight/app/vn/tripi/flight/engine/vnthub/internal/VNTTravelOptionConverterImpl.java" timestamp="1664340095023">
        <mark key="'" line="165" column="12" />
        <mark key="[" line="159" column="79" />
        <mark key="]" line="159" column="70" />
        <mark key="^" line="159" column="70" />
        <mark key="." line="159" column="69" />
      </file>
      <file name="$USER_HOME$/Dev/flight/app/vn/tripi/flight/core/repo/aclicktogo/FlightBookingEBeanRepo.java" timestamp="1664353865906" />
      <file name="$USER_HOME$/Dev/flight/app/vn/tripi/flight/booking/service/internal/BookingValidationServiceImpl.java" timestamp="1664355350497" />
      <file name="$USER_HOME$/Dev/flyx/build.gradle" timestamp="1664357501603" />
      <file name="$USER_HOME$/Dev/flight/app/vn/tripi/flight/booking/service/patcher/BookingBaggagePatcher.java" timestamp="1664352563902">
        <mark key="'" line="35" column="40" />
        <mark key="[" line="35" column="40" />
        <mark key="]" line="35" column="79" />
        <mark key="." line="35" column="78" />
        <mark key="^" line="35" column="79" />
      </file>
      <file name="$USER_HOME$/Dev/flight/app/vn/tripi/flight/booking/service/validator/GuestValidator.java" timestamp="1664353001818" />
      <file name="$USER_HOME$/Dev/flight/app/vn/tripi/flight/booking/model/CreateBookingStage.java" timestamp="1664340637223" />
      <file name="$USER_HOME$/Dev/flight/app/vn/tripi/flight/booking/model/ValidateResult.java" timestamp="1664352537634">
        <mark key="'" line="32" column="8" />
        <mark key="[" line="34" column="0" />
        <mark key="]" line="34" column="0" />
        <mark key="^" line="43" column="0" />
        <mark key="." line="34" column="0" />
      </file>
      <file name="/GraphQL.result.json" timestamp="1664355075422">
        <mark key="[" line="0" column="0" />
      </file>
      <file name="$USER_HOME$/Dev/flight/app/vn/tripi/flight/reservation/service/internal/ReservationServiceImpl.java" timestamp="1664352965485">
        <mark key="'" line="239" column="48" />
        <mark key="[" line="235" column="29" />
        <mark key="]" line="235" column="45" />
        <mark key="^" line="235" column="45" />
        <mark key="." line="235" column="44" />
      </file>
      <file name="$USER_HOME$/Dev/flight/app/api/mapper/FlightTicketMapper.java" timestamp="1664339906678" />
      <file name="$USER_HOME$/Dev/flight/app/vn/tripi/flight/booking/service/patcher/GuestPatcher.java" timestamp="1664352524374">
        <mark key="[" line="39" column="50" />
        <mark key="]" line="39" column="51" />
        <mark key="." line="39" column="50" />
        <mark key="^" line="39" column="51" />
      </file>
      <file name="$USER_HOME$/Dev/flight/app/api/apimodel/search/FlightTransitTicketRS.java" timestamp="1664339922144">
        <mark key="[" line="37" column="33" />
        <mark key="]" line="41" column="33" />
        <mark key="^" line="41" column="33" />
        <mark key="." line="41" column="32" />
      </file>
      <file name="$USER_HOME$/Dev/flight/app/vn/tripi/flight/booking/service/patcher/TicketPatcher.java" timestamp="1664352460340">
        <mark key="[" line="35" column="67" />
        <mark key="]" line="36" column="61" />
        <mark key="." line="36" column="60" />
        <mark key="^" line="36" column="61" />
      </file>
      <file name="$USER_HOME$/Dev/flight/app/vn/tripi/flight/traveloption/service/impl/TicketHoldingTimeServiceImpl.java" timestamp="1664350087447">
        <mark key="[" line="37" column="73" />
        <mark key="]" line="41" column="53" />
        <mark key="." line="41" column="52" />
        <mark key="^" line="41" column="53" />
      </file>
      <file name="$USER_HOME$/Dev/flight/app/vn/tripi/flight/core/model/FlightSearchResult.java" timestamp="1664339964450" />
    </filemarks>
    <jumps>
      <jump line="14" column="64" filename="$USER_HOME$/Dev/flight/app/vn/tripi/flight/restriction/impl/UserRestrictionServiceImpl.java" />
      <jump line="18" column="19" filename="$USER_HOME$/Dev/flight/app/vn/tripi/flight/restriction/impl/UserRestrictionServiceImpl.java" />
      <jump line="405" column="38" filename="$USER_HOME$/Dev/flight/app/vn/tripi/flight/booking/service/internal/FlightTicketServiceImpl.java" />
      <jump line="612" column="0" filename="$USER_HOME$/Dev/flight/app/vn/tripi/flight/booking/service/internal/FlightTicketServiceImpl.java" />
      <jump line="126" column="114" filename="$USER_HOME$/Dev/flight/app/vn/tripi/flight/core/repo/aclicktogo/FlightBookingEBeanRepo.java" />
      <jump line="51" column="40" filename="$USER_HOME$/Dev/flight/app/vn/tripi/flight/core/repo/aclicktogo/FlightBookingEBeanRepo.java" />
      <jump line="257" column="30" filename="$USER_HOME$/Dev/flight/app/vn/tripi/flight/core/repo/aclicktogo/FlightBookingEBeanRepo.java" />
      <jump line="250" column="85" filename="$USER_HOME$/Dev/flight/app/vn/tripi/flight/core/repo/aclicktogo/FlightBookingEBeanRepo.java" />
      <jump line="12" column="41" filename="$USER_HOME$/Dev/flight/app/vn/tripi/flight/core/repo/aclicktogo/FlightBookingEBeanRepo.java" />
      <jump line="246" column="43" filename="$USER_HOME$/Dev/flight/app/vn/tripi/flight/core/repo/aclicktogo/FlightBookingEBeanRepo.java" />
      <jump line="266" column="0" filename="$USER_HOME$/Dev/flight/app/vn/tripi/flight/core/repo/aclicktogo/FlightBookingEBeanRepo.java" />
      <jump line="280" column="28" filename="$USER_HOME$/Dev/flight/app/vn/tripi/flight/booking/service/internal/FlightTicketServiceImpl.java" />
      <jump line="52" column="40" filename="$USER_HOME$/Dev/flight/app/vn/tripi/flight/traveloption/service/impl/TicketHoldingTimeServiceImpl.java" />
      <jump line="29" column="67" filename="$USER_HOME$/Dev/flight/app/vn/tripi/flight/traveloption/service/impl/TicketHoldingTimeServiceImpl.java" />
      <jump line="17" column="76" filename="$USER_HOME$/Dev/flight/app/vn/tripi/flight/core/repo/BlockedUserRepo.java" />
      <jump line="21" column="54" filename="$USER_HOME$/Dev/flight/app/vn/tripi/flight/core/repo/BlockedUserRepo.java" />
      <jump line="55" column="34" filename="$USER_HOME$/Dev/flight/app/vn/tripi/flight/core/repo/BlockedUserRepo.java" />
      <jump line="57" column="43" filename="$USER_HOME$/Dev/flight/app/vn/tripi/flight/traveloption/service/impl/TicketHoldingTimeServiceImpl.java" />
      <jump line="75" column="0" filename="$USER_HOME$/Dev/flight/app/vn/tripi/flight/traveloption/service/impl/TicketHoldingTimeServiceImpl.java" />
      <jump line="31" column="100" filename="$USER_HOME$/Dev/flight/app/vn/tripi/flight/traveloption/service/impl/TicketHoldingTimeServiceImpl.java" />
      <jump line="56" column="34" filename="$USER_HOME$/Dev/flight/app/vn/tripi/flight/traveloption/service/impl/TicketHoldingTimeServiceImpl.java" />
      <jump line="281" column="76" filename="$USER_HOME$/Dev/flight/app/vn/tripi/flight/booking/service/internal/FlightTicketServiceImpl.java" />
      <jump line="107" column="34" filename="$USER_HOME$/Dev/flight/app/vn/tripi/flight/traveloption/service/impl/TicketHoldingTimeServiceImpl.java" />
      <jump line="122" column="0" filename="$USER_HOME$/Dev/flight/app/vn/tripi/flight/traveloption/service/impl/TicketHoldingTimeServiceImpl.java" />
      <jump line="38" column="58" filename="$USER_HOME$/Dev/flight/app/vn/tripi/flight/traveloption/service/impl/TicketHoldingTimeServiceImpl.java" />
      <jump line="36" column="13" filename="$USER_HOME$/Dev/flight/app/vn/tripi/flight/booker/VNTBooker.java" />
      <jump line="380" column="0" filename="$USER_HOME$/Dev/flight/app/vn/tripi/flight/engine/extractor/impl/FlightExtractorFactoryImpl.java" />
      <jump line="415" column="0" filename="$USER_HOME$/Dev/flight/app/vn/tripi/flight/engine/extractor/impl/FlightExtractorFactoryImpl.java" />
      <jump line="106" column="42" filename="$USER_HOME$/Dev/flight/app/vn/tripi/flight/traveloption/service/impl/TicketHoldingTimeServiceImpl.java" />
      <jump line="46" column="64" filename="$USER_HOME$/Dev/flight/app/vn/tripi/flight/traveloption/service/impl/TicketHoldingTimeServiceImpl.java" />
      <jump line="115" column="49" filename="$USER_HOME$/Dev/flight/app/vn/tripi/flight/traveloption/service/impl/TicketHoldingTimeServiceImpl.java" />
      <jump line="92" column="29" filename="$USER_HOME$/Dev/flight/app/vn/tripi/flight/booking/service/internal/BookingValidationServiceImpl.java" />
      <jump line="72" column="12" filename="$USER_HOME$/Dev/flight/app/vn/tripi/flight/booking/service/internal/BookingValidationServiceImpl.java" />
      <jump line="48" column="38" filename="$USER_HOME$/Dev/flight/app/vn/tripi/flight/traveloption/service/impl/TicketHoldingTimeServiceImpl.java" />
      <jump line="0" column="0" filename="$USER_HOME$/Dev/flight/app/vn/tripi/flight/traveloption/service/impl/TicketHoldingTimeServiceImpl.java" />
      <jump line="103" column="23" filename="$USER_HOME$/Dev/flight/app/vn/tripi/flight/traveloption/service/impl/TicketHoldingTimeServiceImpl.java" />
      <jump line="130" column="0" filename="$USER_HOME$/Dev/flight/app/vn/tripi/flight/traveloption/service/impl/TicketHoldingTimeServiceImpl.java" />
      <jump line="109" column="16" filename="$USER_HOME$/Dev/flight/app/vn/tripi/flight/engine/vnthub/internal/VNTTravelOptionConverterImpl.java" />
      <jump line="44" column="8" filename="$USER_HOME$/Dev/crm/app/flight/controllers/PnrRetrieveController.java" />
      <jump line="74" column="19" filename="$USER_HOME$/Dev/flight/app/vn/tripi/flight/core/model/FlightBooking.java" />
      <jump line="7" column="94" filename="$USER_HOME$/Dev/flight/app/vn/tripi/flight/core/repo/HoldingRestrictionForUserRepo.java" />
      <jump line="263" column="16" filename="$USER_HOME$/Dev/flight/app/vn/tripi/flight/booking/service/internal/BookingValidationServiceImpl.java" />
      <jump line="67" column="45" filename="$USER_HOME$/Dev/flight/app/vn/tripi/flight/engine/vnthub/internal/VNTTravelOptionConverterImpl.java" />
      <jump line="227" column="12" filename="$USER_HOME$/Dev/flight/app/api/controller/SearchController.java" />
      <jump line="225" column="34" filename="$USER_HOME$/Dev/flight/app/api/controller/SearchController.java" />
      <jump line="105" column="64" filename="$USER_HOME$/Dev/flight/app/vn/tripi/flight/traveloption/service/impl/StreamSearchTicketService.java" />
      <jump line="262" column="29" filename="$USER_HOME$/Dev/flight/app/vn/tripi/flight/traveloption/service/impl/SearchResultCacheServiceImpl.java" />
      <jump line="261" column="12" filename="$USER_HOME$/Dev/flight/app/vn/tripi/flight/traveloption/service/impl/SearchResultCacheServiceImpl.java" />
      <jump line="1" column="0" filename="$USER_HOME$/Dev/flight/app/vn/tripi/flight/traveloption/service/impl/SearchResultCacheServiceImpl.java" />
      <jump line="59" column="7" filename="$USER_HOME$/Dev/flight/app/vn/tripi/flight/traveloption/service/impl/SearchResultCacheServiceImpl.java" />
      <jump line="267" column="0" filename="$USER_HOME$/Dev/flight/app/vn/tripi/flight/traveloption/service/impl/SearchResultCacheServiceImpl.java" />
      <jump line="275" column="0" filename="$USER_HOME$/Dev/flight/app/vn/tripi/flight/traveloption/service/impl/SearchResultCacheServiceImpl.java" />
      <jump line="57" column="26" filename="$USER_HOME$/Dev/flight/app/vn/tripi/flight/traveloption/service/impl/SearchResultCacheServiceImpl.java" />
      <jump line="0" column="0" filename="$USER_HOME$/Dev/flight/app/vn/tripi/flight/traveloption/service/impl/SearchResultCacheServiceImpl.java" />
      <jump line="249" column="4" filename="$USER_HOME$/Dev/flight/app/vn/tripi/flight/traveloption/service/impl/SearchResultCacheServiceImpl.java" />
      <jump line="119" column="23" filename="$USER_HOME$/Dev/flight/app/vn/tripi/flight/traveloption/service/impl/SearchResultCacheServiceImpl.java" />
      <jump line="251" column="0" filename="$USER_HOME$/Dev/flight/app/vn/tripi/flight/traveloption/service/impl/SearchResultCacheServiceImpl.java" />
      <jump line="151" column="50" filename="$USER_HOME$/Dev/flight/app/vn/tripi/flight/engine/vnthub/internal/VNTTravelOptionConverterImpl.java" />
      <jump line="163" column="12" filename="$USER_HOME$/Dev/flight/app/vn/tripi/flight/engine/vnthub/internal/VNTTravelOptionConverterImpl.java" />
      <jump line="17" column="125" filename="$USER_HOME$/Dev/flight/conf/routes" />
      <jump line="468" column="38" filename="$USER_HOME$/Dev/flight/app/api/controller/SearchController.java" />
      <jump line="10" column="13" filename="$USER_HOME$/Dev/flight/app/api/apimodel/ticket/TicketPoliciesRS.java" />
      <jump line="89" column="49" filename="$USER_HOME$/Dev/flyx/booking-retriever-service/src/main/java/vn/tripi/flight/retriever/mapper/ChannelBookingMapper.java" />
      <jump line="56" column="37" filename="$USER_HOME$/Dev/flight/app/api/controller/admin/PauseConfirmationController.java" />
      <jump line="23" column="77" filename="$USER_HOME$/Dev/flight/app/api/controller/admin/PauseConfirmationController.java" />
      <jump line="43" column="0" filename="$USER_HOME$/Dev/flight/conf/routes" />
      <jump line="28" column="74" filename="$USER_HOME$/Dev/flight/app/api/controller/admin/PauseConfirmationController.java" />
      <jump line="58" column="11" filename="$USER_HOME$/.gradle/caches/modules-2/files-2.1/javax.persistence/javax.persistence-api/2.2/462dff65f6f8bde02ee9d8afe07fe9d50268199c/javax.persistence-api-2.2-sources.jar!/javax/persistence/Table.java" />
      <jump line="13" column="29" filename="$USER_HOME$/Dev/flight/app/vn/tripi/flight/core/model/HoldingRestrictionForUser.java" />
      <jump line="109" column="134" filename="$USER_HOME$/Dev/flight/app/vn/tripi/flight/booking/service/internal/BookingValidationServiceImpl.java" />
      <jump line="119" column="12" filename="$USER_HOME$/Dev/flight/app/vn/tripi/flight/booking/service/internal/BookingValidationServiceImpl.java" />
      <jump line="116" column="52" filename="$USER_HOME$/Dev/flight/app/vn/tripi/flight/booking/service/internal/BookingValidationServiceImpl.java" />
      <jump line="72" column="24" filename="$USER_HOME$/Dev/crm/app/services/promotion/PromotionCodeServiceImpl.java" />
      <jump line="148" column="112" filename="$USER_HOME$/Dev/flight/app/vn/tripi/flight/reservation/service/internal/ReservationServiceImpl.java" />
      <jump line="73" column="17" filename="$USER_HOME$/Dev/flight/app/vn/tripi/flight/booking/service/validator/BookingBaggageValidator.java" />
      <jump line="57" column="51" filename="$USER_HOME$/Dev/flight/app/vn/tripi/flight/booking/service/validator/GuestValidator.java" />
      <jump line="71" column="23" filename="$USER_HOME$/Dev/flight/app/vn/tripi/flight/booking/service/validator/TicketValidator.java" />
      <jump line="19" column="44" filename="$USER_HOME$/Dev/flight/app/vn/tripi/flight/booking/model/CompareBookingAndReservationRS.java" />
      <jump line="26" column="30" filename="$USER_HOME$/Dev/crm/app/flight/models/db/BookingHoldingLimitation.java" />
      <jump line="52" column="29" filename="$USER_HOME$/Dev/crm/app/flight/services/limitation/HoldingLimitationService.java" />
      <jump line="72" column="37" filename="$USER_HOME$/Dev/crm/app/flight/services/limitation/HoldingLimitationService.java" />
      <jump line="88" column="33" filename="$USER_HOME$/Dev/crm/app/flight/services/limitation/HoldingLimitationService.java" />
      <jump line="55" column="66" filename="$USER_HOME$/Dev/flight/app/vn/tripi/flight/traveloption/service/impl/TicketHoldingTimeServiceImpl.java" />
      <jump line="61" column="27" filename="$USER_HOME$/Dev/flight/app/vn/tripi/flight/booking/service/internal/BookingValidationServiceImpl.java" />
      <jump line="158" column="23" filename="$USER_HOME$/Dev/flight/app/vn/tripi/flight/reservation/service/internal/ReservationServiceImpl.java" />
      <jump line="14" column="43" filename="$USER_HOME$/Dev/flight/app/vn/tripi/flight/booking/model/ValidateResult.java" />
      <jump line="46" column="0" filename="$USER_HOME$/Dev/flight/app/vn/tripi/flight/booking/model/ValidateResult.java" />
      <jump line="23" column="35" filename="$USER_HOME$/Dev/flight/app/vn/tripi/flight/booking/model/ValidateResult.java" />
      <jump line="33" column="4" filename="$USER_HOME$/Dev/flight/app/vn/tripi/flight/booking/model/ValidateResult.java" />
      <jump line="28" column="64" filename="$USER_HOME$/Dev/flight/app/vn/tripi/flight/booking/model/ValidateResult.java" />
      <jump line="32" column="8" filename="$USER_HOME$/Dev/flight/app/vn/tripi/flight/booking/model/ValidateResult.java" />
      <jump line="78" column="99" filename="$USER_HOME$/Dev/flight/app/vn/tripi/flight/booking/service/internal/BookingValidationServiceImpl.java" />
      <jump line="94" column="5" filename="$USER_HOME$/Dev/flight/app/vn/tripi/flight/traveloption/service/impl/TicketHoldingTimeServiceImpl.java" />
      <jump line="54" column="49" filename="$USER_HOME$/Dev/flight/app/vn/tripi/flight/traveloption/service/impl/TicketHoldingTimeServiceImpl.java" />
      <jump line="37" column="0" filename="$USER_HOME$/Dev/flight/app/vn/tripi/flight/traveloption/service/impl/TicketHoldingTimeServiceImpl.java" />
      <jump line="107" column="70" filename="$USER_HOME$/Dev/flight/app/vn/tripi/flight/reservation/service/internal/ReservationServiceImpl.java" />
      <jump line="231" column="19" filename="$USER_HOME$/Dev/flight/app/vn/tripi/flight/reservation/service/internal/ReservationServiceImpl.java" />
      <jump line="235" column="29" filename="$USER_HOME$/Dev/flight/app/vn/tripi/flight/reservation/service/internal/ReservationServiceImpl.java" />
      <jump line="239" column="48" filename="$USER_HOME$/Dev/flight/app/vn/tripi/flight/reservation/service/internal/ReservationServiceImpl.java" />
      <jump line="35" column="40" filename="$USER_HOME$/Dev/flight/app/vn/tripi/flight/booking/service/patcher/BookingBaggagePatcher.java" />
    </jumps>
  </component>
  <component name="VimRegisterSettings">
    <registers>
      <register name="&quot;" type="4">
        <text>Long.valueOf(diffs.getKey());</text>
      </register>
      <register name="-" type="4">
        <text>Long.valueOf(diffs.getKey());</text>
      </register>
      <register name="/" type="4">
        <text encoding="base64">XDxMb25nXD4=</text>
      </register>
      <register name="0" type="2">
        <text encoding="base64">ICAgIHB1YmxpYyBzdGF0aWMgZmluYWwgRHVyYXRpb24gUFJPQ0VTU0lOR19CVUZGRVJfRFVSQVRJT04gPSBEdXJhdGlvbi5vZk1pbnV0ZXMoMTUpOwo=</text>
      </register>
      <register name="1" type="2">
        <text encoding="base64">ICAgICAgICAgICAgICAgIAo=</text>
      </register>
      <register name="q" type="4">
        <text />
      </register>
      <register name="2" type="2">
        <text encoding="base64">ICAgICAgICAgICAgICAgIFN0cmluZyBrZXkgPSBkaWZmcy5nZXQoMCkuZ2V0S2V5KCk7Cg==</text>
      </register>
      <register name="3" type="2">
        <text encoding="base64">ICAgICAgICAgICAgICAgIGZsaWdodFRpY2tldC5zYXZlKCk7Cg==</text>
      </register>
      <register name="4" type="2">
        <text encoding="base64">ICAgICAgICAgICAgICAgIExvbmcgdGlja2V0SWQgPSBMb25nLnZhbHVlT2Yoa2V5LnN1YnN0cmluZygwLCBrZXkuaW5kZXhPZigifCIpKSk7Cg==</text>
      </register>
      <register name="5" type="2">
        <text encoding="base64">ICAgICAgICAgICAgICAgIAo=</text>
      </register>
      <register name="6" type="2">
        <text encoding="base64">ICAgICAgICAgICAgICAgIFN0cmluZyBrZXkgPSBkaWZmcy5nZXQoMCkuZ2V0S2V5KCk7Cg==</text>
      </register>
      <register name="7" type="2">
        <text encoding="base64">ICAgICAgICBsb2cuZGVidWcoInt9IHRvdGFsUGF4PVt7fV0iLCBsb2dJZCwgdG90YWxQYXgpOwo=</text>
      </register>
      <register name="8" type="2">
        <text encoding="base64">Cg==</text>
      </register>
      <register name="9" type="2">
        <text encoding="base64">Cg==</text>
      </register>
      <register name=":" type="4">
        <text>283</text>
      </register>
    </registers>
  </component>
  <component name="VimSearchSettings">
    <search>
      <last-search encoding="base64">XDxMb25nXD4=</last-search>
      <last-offset />
      <last-pattern encoding="base64">XDxMb25nXD4=</last-pattern>
      <last-dir>-1</last-dir>
      <show-last>false</show-last>
    </search>
  </component>
  <component name="VimSettings">
    <state version="6" enabled="true" />
    <notifications>
      <idea-join enabled="false" />
      <idea-put enabled="false" />
    </notifications>
  </component>
</application>