<application>
  <component name="MavenWrapperMapping">
    <option name="mapping">
      <map>
        <entry key="https://repo.maven.apache.org/maven2/org/apache/maven/apache-maven/3.8.7/apache-maven-3.8.7-bin.zip" value="C:\Users\Admin\.m2\wrapper\dists\apache-maven-3.8.7-bin\1ktonn2lleg549uah6ngl1r74r\apache-maven-3.8.7" />
        <entry key="https://repo.maven.apache.org/maven2/org/apache/maven/apache-maven/3.9.3/apache-maven-3.9.3-bin.zip" value="C:\Users\Admin\.m2\wrapper\dists\apache-maven-3.9.3-bin\54p6kc7m0ap3os8bc4ge28ia2\apache-maven-3.9.3" />
        <entry key="https://repo.maven.apache.org/maven2/org/apache/maven/apache-maven/3.9.4/apache-maven-3.9.4-bin.zip" value="C:\Users\Admin\.m2\wrapper\dists\apache-maven-3.9.4-bin\2vqnav6ufo1qvo5j2um40861m\apache-maven-3.9.4" />
        <entry key="https://repo1.maven.org/maven2/org/apache/maven/apache-maven/3.3.3/apache-maven-3.3.3-bin.zip" value="C:\Users\Admin\.m2\wrapper\dists\apache-maven-3.3.3-bin\3opbjp6rgl6qp7k2a6tljcpvgp\apache-maven-3.3.3" />
        <entry key="https://repo1.maven.org/maven2/org/apache/maven/apache-maven/3.5.3/apache-maven-3.5.3-bin.zip" value="C:\Users\Admin\.m2\wrapper\dists\apache-maven-3.5.3-bin\2c22a6s60afpuloj4v181qvild\apache-maven-3.5.3" />
      </map>
    </option>
  </component>
</application>